INSERT INTO warehouse (id, name, location, description)
VALUES (1, 'Основной склад (Сырье)', 'г. Коканд, ул. Туркистон, 1', 'Склад для хранения сырья и материалов'),
       (2, 'Склад готовой продукции', 'г. Коканд, м-в А.Навоий, 2', 'Склад для готовой продукции перед отправкой'),
       (3, 'Магазин "Центральный"', 'г. Коканд, ул. Истиклол, 25', 'Торговая точка №1'),
       (4, 'Филиал "Чорсу"', 'г. Коканд, рынок Чорсу', 'Торговая точка на рынке')
ON CONFLICT (id) DO NOTHING;

INSERT INTO category (id, name, description)
VALUES (1, 'Молочные продукты', 'Сыры, молоко, кефир, йогурты'),
       (2, 'Хлебобулочные изделия', 'Хлеб, выпечка, торты'),
       (3, 'Бакалея', 'Крупы, макароны, мука'),
       (4, 'Напитки', 'Соки, вода, лимонады'),
       (5, 'Мясные продукты', 'Говядина, баранина, курица'),
       (6, 'Овощи и фрукты', 'Сезонные овощи и фрукты')
ON CONFLICT (id) DO NOTHING;
INSERT INTO product (id, product_code, name, description, unit, barcode, category_id, selling_price)
VALUES (1, 'ТОВ-00001', 'Нон (Лепешка)', 'Традиционная узбекская лепешка', 'PIECE', '860000100001', 2, 3000.00),
       (2, 'ТОВ-00002', 'Буханка хлеба', 'Пшеничный формовой хлеб', 'PIECE', '860000100002', 2, 2500.00),
       (3, 'ТОВ-00003', 'Самса с мясом', 'Слоеная самса с говядиной', 'PIECE', '860000100003', 2, 5000.00),
       (4, 'ТОВ-00004', 'Мука "Олий Нон"', 'Мука пшеничная высшего сорта, 2кг', 'PIECE', '860000100004', 3, 18000.00),
       (5, 'ТОВ-00005', 'Сахар', 'Сахар-песок, 1кг', 'PIECE', '860000100005', 3, 13000.00),
       (6, 'ТОВ-00006', 'Рис "Лазер"', 'Хорезмский рис для плова', 'KILOGRAM', '860000100006', 3, 25000.00),
       (7, 'ТОВ-00007', 'Масло хлопковое "Мехнат"', 'Рафинированное, 1л', 'PIECE', '860000100007', 3, 22000.00),
       (8, 'ТОВ-00008', 'Гречка', 'Крупа гречневая ядрица', 'KILOGRAM', '860000100008', 3, 15000.00),
       (9, 'ТОВ-00009', 'Молоко "Мусаффо" 3.2%', 'Ультрапастеризованное молоко, 1л', 'PIECE', '860000100009', 1,
        9000.00),
       (10, 'ТОВ-00010', 'Кефир "Камилка"', 'Кефир 2.5%, 1л', 'PIECE', '860000100010', 1, 8500.00),
       (11, 'ТОВ-00011', 'Сметана', 'Сметана 20%', 'KILOGRAM', '860000100011', 1, 30000.00),
       (12, 'ТОВ-00012', 'Сыр "Голландский"', 'Сыр полутвердый', 'KILOGRAM', '860000100012', 1, 80000.00),
       (13, 'ТОВ-00013', 'Сок "Bliss" яблочный', 'Сок осветленный, 1л', 'PIECE', '860000100013', 4, 14000.00),
       (14, 'ТОВ-00014', 'Вода "Nestle" 1.5л', 'Негазированная питьевая вода', 'PIECE', '860000100014', 4, 4000.00),
       (15, 'ТОВ-00015', 'Coca-Cola 1.5л', 'Газированный напиток', 'PIECE', '860000100015', 4, 12000.00),
       (16, 'ТОВ-00016', 'Говядина (вырезка)', 'Мякоть говядины без кости', 'KILOGRAM', '860000100016', 5, 90000.00),
       (17, 'ТОВ-00017', 'Курица (тушка)', 'Охлажденная тушка бройлера', 'KILOGRAM', '860000100017', 5, 35000.00),
       (18, 'ТОВ-00018', 'Картофель', 'Местный картофель', 'KILOGRAM', '860000100018', 6, 4000.00),
       (19, 'ТОВ-00019', 'Лук репчатый', 'Желтый лук', 'KILOGRAM', '860000100019', 6, 3000.00),
       (20, 'ТОВ-00020', 'Помидоры "Юсуповские"', 'Розовые помидоры', 'KILOGRAM', '860000100020', 6, 15000.00)
ON CONFLICT (id) DO NOTHING;



INSERT INTO stock_movement (id, warehouse_id, movement_type, comment)
VALUES (1, 1, 'INBOUND', 'Начальные остатки (Бакалея)');
INSERT INTO stock_movement_item (movement_id, product_id, quantity, cost_price)
VALUES (1, 4, 200, 14000.00),
       (1, 5, 500, 10000.00),
       (1, 6, 1000000, 18000.00),
       (1, 7, 300, 18000.00),
       (1, 8, 500000, 11000.00);

INSERT INTO stock_item (warehouse_id, product_id, quantity, average_cost)
VALUES (1, 4, 200, 14000.0000),
       (1, 5, 500, 10000.0000),
       (1, 6, 1000000, 18.0000),
       (1, 7, 300, 18000.0000),
       (1, 8, 500000, 11.0000);

INSERT INTO stock_movement (id, warehouse_id, movement_type, comment)
VALUES (2, 1, 'INBOUND', 'Начальные остатки (Мясо, Овощи)');

INSERT INTO stock_movement_item (movement_id, product_id, quantity, cost_price)
VALUES (2, 16, 50000, 75000.00),
       (2, 17, 100000, 28000.00),
       (2, 18, 800000, 2500.00),
       (2, 19, 1000000, 2000.00),
       (2, 20, 150000, 10000.00);

INSERT INTO stock_item (warehouse_id, product_id, quantity, average_cost)
VALUES (1, 16, 50000, 75.0000),
       (1, 17, 100000, 28.0000),
       (1, 18, 800000, 2.5000),
       (1, 19, 1000000, 2.0000),
       (1, 20, 150000, 10.0000);


INSERT INTO stock_movement (id, warehouse_id, movement_type, comment)
VALUES (3, 3, 'INBOUND', 'Начальные остатки (Магазин)');

INSERT INTO stock_movement_item (movement_id, product_id, quantity, cost_price)
VALUES (3, 1, 100, 2200.00),
       (3, 2, 80, 1800.00),
       (3, 3, 150, 3500.00),
       (3, 9, 50, 7000.00),
       (3, 10, 40, 6800.00),
       (3, 13, 60, 11000.00),
       (3, 14, 120, 2500.00),
       (3, 15, 90, 9500.00);
INSERT INTO stock_item (warehouse_id, product_id, quantity, average_cost)
VALUES (3, 1, 100, 2200.0000),
       (3, 2, 80, 1800.0000),
       (3, 3, 150, 3500.0000),
       (3, 9, 50, 7000.0000),
       (3, 10, 40, 6800.0000),
       (3, 13, 60, 11000.0000),
       (3, 14, 120, 2500.0000),
       (3, 15, 90, 9500.0000);



SELECT setval('product_id_seq', (SELECT MAX(id) FROM product), true);
SELECT setval('stock_movement_id_seq', (SELECT MAX(id) FROM stock_movement), true);
SELECT setval('stock_item_id_seq', (SELECT MAX(id) FROM stock_item), true);
SELECT setval('warehouse_id_seq', (SELECT MAX(id) FROM warehouse), true);
SELECT setval('category_id_seq', (SELECT MAX(id) FROM category), true);